period,depo,part_no,group,demand,forecast,po_md,supply_ahm
2022-04,CRB,83704AHM440,AHM,112,130,139,114
2023-10,BDG,67183BRN892,BRNG3,51,46,48,33
2022-06,KRW,97443MUF245,MUF,29,32,29,20
2022-09,BDG,55018DIS634,DISK,133,117,141,133
2024-07,BDG,80584SPL753,SPLUG,85,101,103,86
2025-07,KRW,20827RPI598,RPIST,131,100,137,103
2025-07,CRB,85126BRN897,BRNG3,106,100,96,81
2023-10,BDG,63178CCK644,CCKIT,48,44,51,51
2024-09,KRW,81325GMO595,GMO,235,234,247,229
2022-12,BDG,12753SDX362,SD,126,123,113,95
2023-11,KRW,21637CRK184,CRKIT,142,106,145,125
2024-04,BDG,44411SDX583,SD,101,110,107,107
2022-03,KRW,64924EVC165,EVCH,118,126,137,134
2025-10,KRW,77986BRN496,BRNG,133,149,158,142
2024-11,CRB,77777BRN222,BRNG,110,103,101,101
2025-05,BDG,68946SPG991,SPGUI,125,140,138,97
2025-11,KRW,77743TAS627,TAS,135,154,139,120
2024-12,BDG,22170EVC378,EVCH,132,146,137,120
2024-09,BDG,76208CDK304,CDKGP,97,74,97,97
2022-02,BDG,80016CRK238,CRKIT,65,59,62,54
2024-07,CRB,73716TIR448,TIRE,154,135,164,145
2024-02,BDG,74811RSK451,RSKIT,57,42,60,53
2025-09,KRW,51354BLD467,BLDRV,33,32,36,35
2023-02,CRB,64359EVC484,EVCH,80,67,87,62
2024-09,CRB,89357CAB429,CABLE,116,140,129,101
2022-04,CRB,52558GMO348,GMO,219,176,222,222
2025-06,CRB,85360CRK381,CRKIT,147,135,160,135
2023-10,BDG,15604CAB581,CABLE,42,45,47,40
2024-11,BDG,88825ELE892,ELECT,139,119,149,126
2023-07,KRW,43208SPG391,SPGUI,21,19,21,15
2022-11,CRB,45317GST637,GST,104,78,107,81
2022-11,KRW,22079SAO205,SAOIL,63,74,73,57
2024-05,KRW,61430SDX516,SD,108,109,118,106
2024-05,BDG,27637GMO299,GMO,232,249,249,186
2023-02,BDG,96011FLU429,FLUID,170,133,184,129
2024-12,BDG,34369FLU411,FLUID,165,196,193,153
2022-08,CRB,39482TAS524,TAS,91,69,88,65
2023-03,KRW,15582TAS393,TAS,129,108,118,116
2022-09,CRB,12283TIR555,TIRE,48,47,51,44
2024-10,CRB,22433DIS707,DISK,105,127,116,111
2025-07,CRB,72280TIR243,TIRE1,61,52,59,49
2022-01,BDG,96678AHM514,AHM,84,69,83,82
2022-04,BDG,37046BRN936,BRNG,48,38,49,39
2023-04,BDG,62522PSK453,PSKIT,117,92,105,84
2023-03,BDG,10105GMO903,GMO,187,226,216,159
2025-03,KRW,27072SDX966,SD,110,136,137,112
2024-03,BDG,10379SPL762,SPLUG,93,101,90,73
2023-07,BDG,79998MUF303,MUF,72,70,66,58
2024-02,KRW,95653TB1666,TB1,35,38,37,31
2024-11,BDG,31149MUF898,MUF,24,18,25,22
2023-01,CRB,19645CAB469,CABLE,39,43,39,28
2022-04,CRB,25647IMP782,IMPOR,47,37,44,41
2024-11,BDG,67607EVC340,EVCH,110,117,123,111
2022-01,BDG,57024BLD790,BLDRV,52,50,50,49
2022-12,BDG,20991MUF278,MUF,19,16,17,14
2024-11,CRB,25992PLA910,PLAST,74,69,71,69
2025-01,CRB,88308CRK660,CRKIT,37,37,34,27
2025-07,CRB,75207ACG146,ACG,233,207,254,212
2024-04,BDG,85797BRN294,BRNG,71,72,77,55
2024-02,KRW,38336VAL191,VALVE,150,182,166,160
2024-05,BDG,78855SDX200,SD,113,96,102,99
2025-10,BDG,66182PLA773,PLAST,159,145,148,134
2025-08,BDG,96681AHM697,AHM,29,31,31,29
2023-08,CRB,96614RSK662,RSKIT,141,125,150,130
2022-06,BDG,95884SPG352,SPGUI,56,58,59,43
2025-05,KRW,47252RIM953,RIMWH,27,31,30,27
2024-11,KRW,58817SPG872,SPGUI,98,75,89,65
2024-03,KRW,27799CAB618,CABLE,58,61,57,46
2025-08,KRW,75212BAT443,BATT,184,207,222,211
2023-09,KRW,98616SPO592,SPOKE,144,172,177,139
2022-12,BDG,28389BAT250,BATT,35,38,35,34
2025-06,BDG,95724TB1287,TB1,145,121,146,113
2024-08,KRW,67509TAS330,TAS,21,18,23,19
2022-05,CRB,21567TIR435,TIRE1,143,110,140,116
2024-05,CRB,81859ACB811,ACB,93,114,110,104
2025-08,KRW,98758RIM956,RIMWH,124,95,114,96
2024-07,CRB,56721SPO657,SPOKE,22,23,21,21
2023-08,KRW,11317OIL714,OIL,152,117,153,153
2024-08,KRW,53134PLA814,PLAST,139,108,130,105
2024-03,KRW,43706RPI191,RPIST,49,45,53,38
2025-09,BDG,68785IMP847,IMPOR,61,72,70,63
2024-04,CRB,59338VAL953,VALVE,30,23,28,24
2025-11,CRB,75547IMP429,IMPOR,98,103,95,80
2022-03,BDG,80043DIS872,DISK,108,89,110,89
2022-03,KRW,50914RIM895,RIMWH,52,45,51,39
2022-11,BDG,45346RBR546,RBR,159,157,157,150
2025-11,CRB,52218AHM491,AHM,149,185,200,179
2025-01,KRW,68215SPL793,SPLUR,51,39,53,50
2025-04,CRB,64688SPL927,SPLUG,96,80,96,95
2022-06,KRW,55126MUF816,MUF,34,37,40,40
2025-02,BDG,35714BRA403,BRAKE,102,84,97,75
2023-01,KRW,68634SPL126,SPLUG,36,32,39,29
2022-12,BDG,32905EVC572,EVCH,56,44,50,38
2024-04,BDG,41131BAT788,BATT,35,30,32,31
2023-08,BDG,50752PST543,PSTN,55,61,66,59
2024-04,KRW,67807SPL617,SPLUG,74,60,69,64
2022-10,KRW,22379SPG409,SPGUI,60,50,59,55
2025-05,BDG,82419TBH753,TBHGP,26,29,31,25
2023-03,KRW,29853PSK732,PSKIT,44,38,42,32
2023-02,BDG,19306ACB289,ACB,278,221,278,278
2024-06,CRB,28536RSK371,RSKIT,39,35,41,37
2023-10,BDG,58856PST971,PSTN,163,131,162,162
2022-08,BDG,55449GST483,GST,77,78,71,64
2024-05,CRB,69390MUF873,MUF,53,44,54,41
2022-10,KRW,85109SDN475,SDN,89,85,86,67
2024-02,KRW,39551TBH790,TBHGP,148,111,160,160
2025-03,BDG,95536BRN577,BRNG,115,127,122,113
2023-10,CRB,33894TAS785,TAS,30,26,31,23
2025-06,BDG,60026CHA676,CHAIN,49,43,48,40
2024-03,CRB,95088TBH409,TBHGP,122,96,127,106
2022-06,CRB,15279BRN156,BRNG3,114,129,130,111
2023-04,BDG,91504RBR904,RBR,118,119,108,105
2023-12,BDG,72951CCK650,CCKIT,63,77,70,61
2025-05,CRB,91553DIS318,DISK,69,65,70,53
2023-01,BDG,80630TAS938,TAS,74,66,79,62
2024-02,CRB,23940BRA731,BRAKE,75,91,93,93
2024-05,BDG,61214VAL843,VALVE,25,28,28,25
2023-10,KRW,94134BAT521,BATT,68,79,86,82
2023-04,CRB,98630SPG360,SPGUI,89,81,96,85
2025-05,CRB,27416IMP247,IMPOR,169,140,168,121
2025-05,CRB,53062TIR125,TIRE1,48,45,47,36
2023-02,KRW,86318CDK626,CDKIT,74,60,70,52
2024-01,CRB,89435TIR332,TIRE1,96,75,105,93
2025-07,BDG,83709CHA166,CHAIN,41,37,38,31
2024-11,CRB,52898STR330,STR,147,161,171,142
2023-11,KRW,70043TIR900,TIRE,190,146,199,180
2025-10,BDG,22505ACG235,ACG,182,221,201,144
2023-10,KRW,76436CCK322,CCKIT,78,87,85,60
2024-07,CRB,97855SDN736,SDN,62,69,68,58
2023-04,BDG,19472PSK246,PSKIT,47,50,48,46
2024-05,KRW,44834SDX885,SD,94,77,88,66
2025-04,CRB,25139BAT344,BATT,78,85,82,66
2024-09,CRB,78171ACB767,ACB,109,120,109,99
2024-10,CRB,67260CHA597,CHAIN,137,165,176,134
2022-03,BDG,79385GMO834,GMO,89,87,83,80
2022-01,KRW,84324TIR267,TIRE,97,108,100,100
2025-04,KRW,21790STR381,STR,120,93,130,109
2024-09,BDG,70894COO785,COOL,141,162,160,118
2022-09,KRW,94252SDX990,SD,100,103,99,85
2025-01,CRB,71760BRN996,BRNG3,84,95,94,67
2023-04,CRB,46843OSE784,OSEAL,88,79,88,87
2024-12,KRW,66184SDN242,SDN,27,21,27,20
2025-07,CRB,90253TIR958,TIRE,76,67,80,58
2025-02,CRB,84305EVC867,EVCH,55,60,57,44
2022-04,KRW,39280OSE401,OSEAL,110,127,115,112
2024-06,KRW,99719SDX407,SD,78,66,83,62
2022-09,CRB,68836CAB870,CABLE,76,70,71,71
2022-11,BDG,48821DIS419,DISK,154,181,170,142
2023-08,BDG,57746TIR400,TIRE,110,131,123,119
2022-10,CRB,82367TIR251,TIRE1,146,165,175,123
2022-08,BDG,79030CAB624,CABLE,17,13,16,13
2023-11,BDG,89343TBH363,TBHGP,150,119,160,160
2023-02,KRW,48305MUF904,MUF,120,124,124,93
2022-12,CRB,80405ACG570,ACG,208,188,207,207
2025-11,CRB,19917BRN309,BRNG,57,65,64,51
2023-12,KRW,88321TIR937,TIRE,31,30,33,27
2024-07,CRB,23601CDK769,CDKIT,87,70,87,71
2023-01,BDG,36380FLU277,FLUID,141,164,175,165
2023-05,CRB,20731DIS114,DISK,71,53,71,59
2023-09,KRW,50689OSE578,OSEAL,151,180,182,147
2024-08,CRB,17048BRN819,BRNG,82,99,102,83
2022-01,CRB,31263CAB415,CABLE,39,42,42,32
2024-11,BDG,13900SAO769,SAOIL,180,184,176,139
2022-05,KRW,15688GMO645,GMO,186,227,245,213
2024-09,KRW,64450SPL378,SPLUR,146,118,139,112
2025-04,BDG,42230SDN119,SDN,85,72,86,86
2022-11,CRB,73030PLA237,PLAST,120,110,120,85
2025-05,CRB,16139TBH218,TBHGP,114,134,146,142
2025-05,KRW,97393SPO851,SPOKE,82,74,76,70
2025-07,BDG,52402RIM803,RIMWH,109,122,123,108
2024-08,KRW,90751GST760,GST,146,164,163,117
2022-07,CRB,45919SDN393,SDN,55,49,59,50
2022-08,BDG,92671CAB913,CABLE,137,168,172,159
2025-07,BDG,67661GST816,GST,41,50,51,42
2022-12,KRW,10552CHA660,CHAIN,41,41,38,34
2022-11,BDG,59958CHA453,CHAIN,86,95,102,87
2022-12,CRB,90096GMO988,GMO,111,96,111,106
2022-05,KRW,67554SDX939,SD,29,32,29,21
2024-10,CRB,34819RBR314,RBR,28,21,26,25
2024-10,BDG,22080DIS235,DISK,33,37,39,33
2024-03,CRB,52833TIR460,TIRE1,80,96,93,71
2022-09,CRB,78030BAT378,BATT,38,44,42,30
2024-11,CRB,34149ELE525,ELECT,173,210,212,209
2024-03,KRW,76755TIR595,TIRE,145,146,140,132
2023-03,KRW,19960RIM316,RIMWH,116,91,111,84
2025-10,KRW,18127EVC103,EVCH,153,151,143,142
2024-05,BDG,27660ECX774,EC,43,35,40,31
2022-07,KRW,90521BRN488,BRNG,35,41,41,31
2024-08,CRB,85784CDK946,CDKGP,39,34,41,33
2025-08,BDG,40234BAT231,BATT,49,48,51,49
2024-01,KRW,99677STR660,STR,44,40,40,28
2023-01,BDG,45059EVC630,EVCH,99,91,95,85
2022-05,BDG,54899PSK486,PSKIT,77,83,78,58
2022-09,BDG,82861BRN656,BRNG3,98,121,118,102
2025-05,KRW,59048GST792,GST,106,119,124,96
2022-02,BDG,69615RBR264,RBR,26,19,27,20
2022-07,KRW,98058CDK214,CDKIT,121,127,127,94
2024-02,KRW,72310SPG752,SPGUI,84,83,89,87
2023-12,BDG,90249VAL138,VALVE,47,52,55,44
2022-04,KRW,73179ACG373,ACG,280,337,341,339
2022-03,CRB,44120TBH664,TBHGP,110,122,117,90
2023-12,BDG,72462ACG863,ACG,205,254,277,233
2025-06,CRB,90624SPO932,SPOKE,65,73,74,67
2024-07,KRW,81450IMP426,IMPOR,105,110,118,116
2024-10,CRB,34272TAS797,TAS,136,153,142,127
2023-09,BDG,85243SPL205,SPLUR,158,197,215,171
2023-05,KRW,56427BRN248,BRNG3,106,79,100,72
2024-03,KRW,45726GMO266,GMO,104,109,112,97
2025-06,BDG,10329SHO584,SHOCK,94,92,97,92
2025-04,CRB,53012RPI171,RPIST,54,56,57,56
2025-05,CRB,58823SPL614,SPLUG,137,153,145,109
2023-06,CRB,49408SPL247,SPLUG,84,66,83,60
2022-04,KRW,71759OSE484,OSEAL,39,41,43,33
2022-05,BDG,73708CCK694,CCKIT,88,69,82,77
2024-08,BDG,26456PSK828,PSKIT,116,91,113,89
2024-05,KRW,77366RSK394,RSKIT,148,133,133,115
2024-08,KRW,98504BLD807,BLDRV,105,130,123,88
2022-08,CRB,36647CHA851,CHAIN,71,56,72,62
2024-06,KRW,32749AHM177,AHM,134,107,123,100
2022-05,BDG,25355TIR296,TIRE,41,45,47,36
2023-09,BDG,61862DIS574,DISK,181,144,170,151
2025-04,CRB,28380CCK751,CCKIT,41,47,48,37
2022-03,CRB,87873MUF447,MUF,144,171,168,137
2025-02,BDG,17557RPI500,RPIST,71,62,74,74
2023-12,KRW,42237SPG219,SPGUI,109,103,118,117
2024-01,BDG,75100BRA385,BRAKE,76,69,71,57
2023-03,CRB,25845EVC778,EVCH,163,183,193,151
2025-01,BDG,65281SAO176,SAOIL,71,80,86,66
2025-11,KRW,28255RIM782,RIMWH,25,25,24,21
2025-11,CRB,43610SDX746,SD,37,34,35,24
2023-06,CRB,28681CDK360,CDKGP,123,144,154,142
2022-08,BDG,31656PSK760,PSKIT,154,181,182,173
2023-04,KRW,99196CDK748,CDKIT,151,169,171,120
2023-02,KRW,83527PSK811,PSKIT,131,108,119,94
2025-07,KRW,28731ELE351,ELECT,147,128,161,147
2023-06,KRW,43189BAT721,BATT,21,25,22,18
2022-01,KRW,62471OIL375,OIL,199,166,205,191
2025-04,BDG,95719SDX902,SD,100,110,105,73
2022-09,CRB,60287ACB463,ACB,211,249,265,196
2023-02,KRW,60265BRA845,BRAKE,88,99,99,88
2024-12,BDG,25373TIR778,TIRE,205,250,260,185
2024-08,BDG,46739CDK899,CDKIT,137,140,128,101
2022-12,KRW,12835COO986,COOL,108,116,122,95
2024-06,BDG,50305VAL637,VALVE,75,59,81,81
2023-10,CRB,30709CCK123,CCKIT,70,74,78,66
2024-09,KRW,19983VAL999,VALVE,49,39,47,36
2025-10,KRW,24804STR721,STR,84,72,83,83
2023-07,BDG,37934BRN656,BRNG,106,123,132,110
2025-08,BDG,15832ACG358,ACG,238,271,264,252
2025-10,KRW,86025RSK259,RSKIT,27,25,25,19
2022-08,KRW,69558BRN200,BRNG,129,115,118,104
2023-02,CRB,47349ELE557,ELECT,54,65,68,62
2023-02,CRB,18774SAO574,SAOIL,21,17,19,15
2022-02,CRB,18946GMO345,GMO,115,109,116,107
2024-09,BDG,27475BRN328,BRNG,127,140,143,118
2023-09,KRW,33034CHA197,CHAIN,129,115,130,96
2023-02,BDG,63585BRN322,BRNG,34,33,36,30
2025-04,CRB,58635CCK467,CCKIT,150,181,165,117
2025-11,CRB,51325BRA295,BRAKE,71,79,73,52
2024-12,BDG,87864PST993,PSTN,152,185,194,159
2022-01,BDG,50322SAO250,SAOIL,148,180,191,156
2024-02,CRB,81732GMO595,GMO,131,140,134,127
2022-01,KRW,59947FLU636,FLUID,91,111,118,86
2023-12,BDG,38346SPG581,SPGUI,57,46,61,43
2023-03,KRW,28438DIS510,DISK,109,106,108,82
2022-07,KRW,98703SHO997,SHOCK,65,75,72,62
2024-03,CRB,29878PLA584,PLAST,56,49,56,55
2024-04,KRW,88374TB1425,TB1,37,45,48,41
2024-06,CRB,51856OSE305,OSEAL,66,77,72,51
2022-04,CRB,50236RIM104,RIMWH,107,99,104,90
2025-03,BDG,29840BRN949,BRNG,57,55,60,42
2023-08,KRW,88028OSE858,OSEAL,85,94,102,89
2023-12,CRB,16041BLD741,BLDRV,150,132,153,151
2023-12,KRW,28329CCK195,CCKIT,123,134,121,87
2024-04,CRB,12028BAT411,BATT,61,69,74,67
2024-06,CRB,32152RPI781,RPIST,47,51,53,52
2025-05,BDG,22798ACG220,ACG,140,126,132,132
2024-05,CRB,76343BLD265,BLDRV,160,155,166,124
2022-10,KRW,20408BAT891,BATT,94,113,117,114
2025-10,CRB,50175FLU655,FLUID,101,119,123,94
2023-08,KRW,57412DIS999,DISK,23,19,25,21
2023-03,KRW,99295CDK804,CDKGP,90,88,86,75
2022-02,KRW,25376EVC779,EVCH,98,113,117,82
2023-07,CRB,12692VAL153,VALVE,46,49,53,47
2024-08,BDG,95697CRK515,CRKIT,75,73,79,66
2024-01,BDG,51747PSK432,PSKIT,79,92,87,65
2025-11,BDG,28006ELE145,ELECT,105,86,111,89
2022-05,BDG,63827PLA994,PLAST,80,60,83,68
2022-11,KRW,25165MUF486,MUF,33,36,33,30
2022-01,BDG,81489CHA817,CHAIN,83,73,90,83
2025-08,BDG,91593SAO715,SAOIL,143,137,139,126
2024-05,BDG,43636BRN812,BRNG3,109,83,107,78
2023-06,KRW,23450SPG995,SPGUI,31,33,30,23
2023-09,CRB,41898CCK524,CCKIT,85,99,90,90
2025-01,BDG,97406RPI766,RPIST,61,46,57,56
2023-01,CRB,85581SPL491,SPLUR,133,144,148,112
2024-12,CRB,70966RPI426,RPIST,35,34,35,27
2022-10,BDG,70243SPG571,SPGUI,22,19,23,18
2022-03,BDG,57129CDK519,CDKIT,32,39,42,38
2025-07,CRB,28541BRN906,BRNG,20,22,22,21
2022-04,CRB,33359PLA916,PLAST,106,126,125,124
2025-08,CRB,34250TB1143,TB1,48,37,49,39
2024-01,CRB,29072ELE312,ELECT,39,33,36,29
2022-06,KRW,73513BAT812,BATT,64,60,66,63
2022-11,KRW,88203VAL902,VALVE,111,126,124,98
2024-05,BDG,83176SDN305,SDN,136,122,129,120
2024-07,CRB,30404OIL429,OIL,149,146,151,127
2024-01,CRB,94398TIR388,TIRE,114,102,104,82
2023-10,BDG,85954CAB703,CABLE,83,79,90,69
2023-09,KRW,59628VAL863,VALVE,42,36,43,30
2025-04,KRW,32561CDK449,CDKGP,117,145,142,126
2025-11,BDG,88694MUF571,MUF,126,135,123,102
2023-07,CRB,82239TIR805,TIRE1,139,167,150,106
2022-08,CRB,48334ACG687,ACG,94,95,88,68
2025-04,KRW,75313GST534,GST,120,129,123,123
2022-01,KRW,11545PST564,PSTN,81,84,89,64
2024-08,CRB,51299GMO481,GMO,140,118,139,98
2024-06,KRW,86825TBH876,TBHGP,85,89,84,64
2024-06,KRW,19303TB1710,TB1,53,43,56,52
2024-01,KRW,78761SPG283,SPGUI,102,118,123,121
2024-07,BDG,89658TIR870,TIRE1,153,161,160,112
2024-04,BDG,37266ACB922,ACB,212,255,242,191
2024-03,BDG,97987GMO679,GMO,94,110,100,71
2025-06,CRB,41470CDK477,CDKGP,113,106,123,116
2025-07,KRW,67372SHO318,SHOCK,190,214,220,208
2022-12,KRW,13198BRN902,BRNG3,35,36,33,24
2025-10,CRB,23379COO945,COOL,45,46,45,40
2024-03,BDG,35718STR206,STR,174,176,167,120
2023-10,KRW,23801DIS199,DISK,75,76,71,71
2023-03,KRW,88508TB1617,TB1,74,71,75,54
2023-01,KRW,59392ACB345,ACB,122,135,148,147
2024-05,KRW,56457OIL462,OIL,122,118,122,90
2025-06,BDG,74281DIS607,DISK,104,109,118,103
2022-08,KRW,65956VAL608,VALVE,147,111,141,114
2023-02,BDG,91795ELE562,ELECT,63,52,59,44
2023-02,CRB,97403ECX162,EC,45,39,42,36
2025-01,CRB,96623BRN818,BRNG3,118,118,126,122
2024-03,BDG,13145BRA491,BRAKE,160,133,164,134
2024-08,KRW,28950SPG801,SPGUI,47,41,45,34
2022-04,BDG,29472EVC862,EVCH,42,43,39,39
2022-08,KRW,15747IMP107,IMPOR,138,144,149,119
2023-12,BDG,75421RPI435,RPIST,142,139,130,106
2024-04,KRW,79469SPG423,SPGUI,27,29,30,26
2025-10,KRW,88141RBR553,RBR,112,101,115,102
2022-12,KRW,89866BRN427,BRNG,45,45,42,41
2024-03,KRW,23183OIL716,OIL,217,165,202,169
2024-05,BDG,60105GST125,GST,28,32,32,26
2024-11,KRW,72531BRA558,BRAKE,55,61,66,54
2025-10,CRB,79944PLA344,PLAST,155,167,152,149
2023-04,BDG,11690ELE815,ELECT,143,125,136,115
2025-09,CRB,65430TB1147,TB1,121,109,121,110
2023-03,KRW,84620ELE439,ELECT,34,40,41,39
2024-11,CRB,82502SPL122,SPLUR,80,92,99,74
2022-09,CRB,41045OIL209,OIL,110,104,112,82
2022-10,CRB,86713PSK757,PSKIT,69,78,74,65
2022-06,KRW,18174ACB257,ACB,268,279,300,270
2022-06,BDG,47594TB1682,TB1,85,88,89,89
2023-04,BDG,56227COO967,COOL,49,58,60,45
2022-06,BDG,31552BAT466,BATT,59,71,71,70
2022-02,KRW,37951SDN213,SDN,125,147,160,159
2025-03,BDG,97674PST310,PSTN,59,55,54,45
2023-01,BDG,65720FLU489,FLUID,210,227,244,189
2025-10,BDG,37554MUF469,MUF,142,172,178,133
2022-01,BDG,40007STR576,STR,90,68,88,88
2025-09,CRB,70848SDN586,SDN,93,95,96,85
2023-06,KRW,39499BAT250,BATT,21,18,22,19
2025-03,BDG,66101ECX830,EC,115,141,141,108
2025-02,KRW,63517EVC864,EVCH,124,139,147,142
2023-10,KRW,28492TAS935,TAS,32,36,33,29
2022-08,BDG,44222OIL477,OIL,150,166,163,128
2025-06,KRW,68429BAT626,BATT,72,61,70,61
2023-10,KRW,48390RIM638,RIMWH,121,112,118,114
2023-09,CRB,40148DIS655,DISK,75,90,83,70
2025-08,CRB,52429SPO197,SPOKE,78,97,95,86
2024-05,KRW,89191VAL606,VALVE,93,113,111,105
2023-02,BDG,54248COO968,COOL,75,68,74,70
2022-09,KRW,23518BLD295,BLDRV,43,51,55,50
2022-04,KRW,58397BAT239,BATT,92,72,97,75
2024-05,KRW,10096BRA662,BRAKE,138,171,184,172
2024-05,CRB,97614DIS610,DISK,44,48,46,40
2025-10,KRW,97633BRN192,BRNG3,108,106,112,111
2022-02,KRW,98927SDX923,SD,85,76,84,63
2022-01,CRB,26605BAT713,BATT,99,109,106,92
2024-10,KRW,62217DIS657,DISK,123,149,152,108
2024-07,CRB,68658TIR722,TIRE,111,116,121,120
2022-01,KRW,18843SHO826,SHOCK,79,87,92,92
2025-10,BDG,31406RSK346,RSKIT,164,192,189,146
2024-06,KRW,55589COO968,COOL,126,144,140,107
2023-06,KRW,88226SHO123,SHOCK,145,124,138,99
2024-05,CRB,98315GMO152,GMO,158,194,207,207
2022-01,KRW,61821BRA834,BRAKE,82,74,89,69
2022-12,KRW,10443ELE534,ELECT,37,43,40,30
2024-03,CRB,33601TIR440,TIRE,125,102,112,80
2024-03,BDG,57250RSK982,RSKIT,120,108,118,88
2025-08,BDG,68855FLU100,FLUID,193,182,176,135
2023-08,KRW,35110CDK498,CDKGP,98,89,98,95
2023-05,BDG,88313RBR672,RBR,51,52,55,41
2022-12,KRW,61535CRK843,CRKIT,108,126,122,98
2022-07,BDG,48420CHA213,CHAIN,90,90,86,62
2023-06,BDG,25557MUF912,MUF,91,111,101,80
2022-07,BDG,10423RPI996,RPIST,123,122,121,113
2022-12,BDG,10238VAL140,VALVE,73,67,72,58
2024-03,BDG,38528COO774,COOL,155,117,157,156
2022-09,KRW,85329BLD924,BLDRV,49,42,46,46
2023-02,CRB,40872RPI883,RPIST,38,28,38,31
2025-09,CRB,40926TB1151,TB1,78,83,80,60
2024-02,BDG,35935RIM177,RIMWH,96,95,95,84
2025-02,CRB,14943BLD602,BLDRV,58,51,56,56
2022-06,BDG,51283BRN183,BRNG,32,29,31,26
2025-07,KRW,98067PLA322,PLAST,117,141,131,121
2024-07,KRW,57133DIS821,DISK,82,77,87,63
2025-05,BDG,54709CDK260,CDKIT,106,84,108,80
2025-09,BDG,62261ACG320,ACG,131,157,143,113
2024-02,BDG,15099CAB262,CABLE,60,74,79,77
2023-07,BDG,90780RPI167,RPIST,23,23,21,14
2025-06,CRB,58658DIS425,DISK,87,90,87,64
2025-08,KRW,70644VAL870,VALVE,73,62,77,72
2022-09,CRB,60764OIL356,OIL,133,163,155,132
2022-12,BDG,93004OIL995,OIL,171,146,179,164
2022-09,KRW,82997IMP738,IMPOR,54,65,68,51
2023-04,CRB,32362TAS132,TAS,118,105,126,101
2022-05,KRW,45666DIS745,DISK,92,114,106,106
2024-11,CRB,17565TBH897,TBHGP,19,22,21,20
2024-05,CRB,57082TAS173,TAS,100,103,107,89
2025-07,KRW,74157TIR885,TIRE,75,65,69,49
2023-07,BDG,70134VAL250,VALVE,99,90,104,96
2024-01,CRB,86385COO221,COOL,167,180,170,157
2024-01,CRB,72562BLD956,BLDRV,26,20,24,21
2023-03,CRB,31681SDX461,SD,72,71,64,57
2024-12,KRW,60586PST907,PSTN,71,81,76,74
2024-05,CRB,29923BRN244,BRNG,72,88,92,74
2025-03,KRW,83183SPG789,SPGUI,109,106,110,90
2023-05,KRW,77678SAO103,SAOIL,97,95,105,105
2023-08,KRW,89737SDX138,SD,26,20,28,21
2023-01,BDG,98739TAS844,TAS,68,61,61,53
2022-06,KRW,39725SDX598,SD,114,138,145,122
2025-02,KRW,51039IMP754,IMPOR,153,134,167,121
2022-03,CRB,23049SDN678,SDN,74,67,67,48
2023-09,BDG,14356AHM218,AHM,26,22,27,19
2025-05,CRB,80893BRN726,BRNG3,51,63,67,63
2023-06,CRB,69287RPI959,RPIST,101,95,98,80
2022-08,BDG,92971CAB409,CABLE,54,52,53,37
2024-01,KRW,61255RIM754,RIMWH,139,154,168,131
2025-10,BDG,37534SAO700,SAOIL,32,26,31,28
2023-06,CRB,81085TBH862,TBHGP,109,109,115,89
2023-09,KRW,57552GST129,GST,47,55,51,45
2024-11,BDG,16176CRK671,CRKIT,68,68,61,43
2022-07,CRB,50239RBR817,RBR,137,167,169,150
2022-04,CRB,13141SPO682,SPOKE,99,102,110,106
2023-06,BDG,26809TIR623,TIRE,177,212,231,208
2022-08,BDG,68380TB1107,TB1,127,99,125,87
2022-11,CRB,83491BAT220,BATT,99,108,106,97
2023-10,CRB,53554ACG258,ACG,206,221,223,189
2025-10,CRB,48466TIR728,TIRE1,175,200,198,182
2023-02,BDG,93474BRN190,BRNG3,90,97,95,89
2022-04,KRW,71913CDK928,CDKGP,96,116,106,86
2024-02,CRB,28442CCK226,CCKIT,128,114,130,125
2022-10,BDG,97607BAT905,BATT,47,55,53,42
2022-08,KRW,46607BAT234,BATT,50,39,50,41
2025-06,CRB,58400TB1988,TB1,125,100,120,95
2024-12,BDG,74118CAB532,CABLE,78,96,105,93
2025-09,BDG,84249SPL834,SPLUR,53,40,56,48
2022-09,BDG,94272SAO118,SAOIL,29,25,28,24
2025-08,KRW,82927SPL589,SPLUG,73,71,67,64
2022-01,BDG,50377CCK600,CCKIT,74,87,88,83
2025-02,BDG,80360ACG403,ACG,93,97,100,95
2024-07,CRB,31129ELE854,ELECT,23,25,23,20
2024-11,KRW,40239DIS956,DISK,65,58,62,61
2023-04,CRB,37281FLU433,FLUID,104,122,121,93
2025-07,KRW,95198TIR501,TIRE,164,139,163,125
2023-03,BDG,13283GST457,GST,46,52,53,46
2024-12,BDG,46655SHO114,SHOCK,99,86,107,100
2025-05,CRB,98297OIL798,OIL,261,257,256,193
2025-03,BDG,82827CAB334,CABLE,149,163,158,153
2023-07,CRB,35507SPL352,SPLUG,28,22,26,24
2023-02,KRW,52891GMO928,GMO,171,140,154,142
2024-03,KRW,98889PSK423,PSKIT,34,32,31,26
2022-08,CRB,92989RPI533,RPIST,145,169,179,143
2022-12,KRW,27055SPG489,SPGUI,95,99,108,83
2024-04,BDG,19179OSE602,OSEAL,78,71,84,71
2022-05,BDG,98116CAB713,CABLE,30,29,29,22
2025-03,KRW,58647TIR279,TIRE1,93,75,101,72
2025-06,KRW,95419PST454,PSTN,137,153,148,129
2025-03,BDG,53476SPL181,SPLUG,104,113,113,98
2022-02,CRB,45486IMP118,IMPOR,142,137,130,97
2022-01,CRB,74054TIR961,TIRE,98,98,104,86
2022-01,KRW,87046COO621,COOL,28,31,31,22
2024-02,CRB,66979ECX157,EC,159,147,162,149
2024-09,CRB,79391RIM867,RIMWH,91,84,87,63
2022-02,KRW,41460CDK891,CDKGP,91,81,100,100
2025-04,BDG,77156STR746,STR,144,138,147,135
2024-10,KRW,15890ECX335,EC,38,40,37,31
2023-11,CRB,88048RSK980,RSKIT,30,30,30,21
2024-09,CRB,55071BAT378,BATT,28,32,32,24
2025-05,BDG,32829SPO813,SPOKE,35,40,42,33
2022-09,BDG,15136TBH943,TBHGP,133,162,146,141
2022-01,KRW,27828SHO105,SHOCK,109,101,99,99
2025-06,CRB,99810GMO820,GMO,268,254,290,234
2023-01,KRW,93546SPG677,SPGUI,123,98,115,94
2022-06,BDG,16871ACB747,ACB,81,91,84,63
2022-08,BDG,97776CRK126,CRKIT,99,112,122,90
2022-03,KRW,55001FLU671,FLUID,220,252,266,196
2024-10,CRB,88721ACG875,ACG,98,109,113,99
2023-05,BDG,42859SAO818,SAOIL,165,141,153,124
2025-09,CRB,27145SHO349,SHOCK,63,76,80,70
2023-06,KRW,83228MUF962,MUF,89,71,89,82
2025-09,KRW,86878RSK782,RSKIT,62,75,74,66
2022-11,KRW,98176RBR711,RBR,78,83,89,89
2023-06,CRB,25058DIS951,DISK,104,85,112,78
2025-01,BDG,13072SPL954,SPLUG,83,67,79,76
2022-04,CRB,34322BAT427,BATT,70,70,65,54
2022-01,BDG,73805BLD842,BLDRV,73,68,75,55
2025-04,BDG,13326RPI584,RPIST,132,116,143,115
2022-07,CRB,81282TBH742,TBHGP,45,41,47,44
2023-09,KRW,22618RIM211,RIMWH,59,62,59,46
2022-09,KRW,20707COO548,COOL,122,147,134,128
2024-08,CRB,66063COO860,COOL,62,71,76,73
2024-12,CRB,23090SPL157,SPLUG,65,59,70,70
2025-10,KRW,91923BLD414,BLDRV,76,92,100,91
2022-01,BDG,42456ACG993,ACG,154,185,184,141
2025-08,CRB,20908TIR488,TIRE,114,86,123,99
2024-05,BDG,24165CAB271,CABLE,59,50,59,59
2022-12,BDG,95819TIR617,TIRE1,70,80,82,78
2024-01,KRW,12874GST534,GST,36,30,32,27
2024-11,BDG,34234OSE966,OSEAL,102,111,107,84
2025-09,BDG,34302ELE268,ELECT,122,134,140,108
2022-02,KRW,94571CHA585,CHAIN,63,71,72,52
2025-02,CRB,15692ACG649,ACG,125,153,159,124
2022-09,BDG,38603BRA994,BRAKE,52,49,54,54
2025-05,CRB,35818RBR495,RBR,46,50,46,43
2022-09,KRW,47317ACG690,ACG,220,218,204,189
2025-11,KRW,57886CDK449,CDKGP,127,139,148,140
2022-12,BDG,74052PSK108,PSKIT,101,114,115,108
2022-02,BDG,51529AHM351,AHM,154,121,149,122
2022-10,CRB,54185BRA851,BRAKE,87,82,91,67
2025-10,BDG,29630RSK472,RSKIT,86,78,87,71
2022-04,CRB,75497BAT969,BATT,67,72,77,67
2022-02,BDG,36905SPO844,SPOKE,169,172,163,163
2022-08,CRB,90680CDK740,CDKGP,90,96,92,76
2024-07,KRW,57058IMP465,IMPOR,134,139,128,126
2025-06,KRW,73418CHA615,CHAIN,53,47,57,46
2023-09,BDG,11671EVC806,EVCH,165,191,172,171
2023-04,CRB,30064CHA309,CHAIN,85,81,85,62
2022-04,CRB,60256ELE522,ELECT,116,119,129,127
2024-01,BDG,92362GMO931,GMO,117,109,106,97
2023-05,CRB,97065SDX768,SD,82,76,80,72
2024-07,BDG,54005TB1638,TB1,149,146,163,146
2025-01,KRW,37764SAO268,SAOIL,94,79,98,83
2022-06,CRB,74513PSK715,PSKIT,94,70,86,69
2022-10,BDG,60223SAO993,SAOIL,116,127,130,111
2025-09,KRW,33209MUF812,MUF,108,111,119,99
2022-05,BDG,17657PST980,PSTN,30,36,35,30
2024-06,CRB,20373SPG960,SPGUI,132,129,125,93
2022-08,KRW,14257TIR352,TIRE1,88,72,84,67
2022-10,BDG,14184EVC235,EVCH,31,37,37,32
2024-08,CRB,86279RPI997,RPIST,100,111,109,85
2025-09,BDG,64685CDK954,CDKIT,88,71,89,69
2022-04,BDG,91242CDK766,CDKIT,138,154,151,111
2022-05,KRW,99414ACG672,ACG,245,230,232,200
2023-11,BDG,91287BRN419,BRNG,132,134,136,102
2023-07,CRB,50947SPO260,SPOKE,83,73,89,89
2025-10,CRB,15734IMP392,IMPOR,44,33,43,43
2022-04,BDG,63549CDK338,CDKGP,81,82,84,60
2022-05,BDG,98269BAT964,BATT,151,163,167,163
2022-10,CRB,43759MUF477,MUF,110,129,129,119
2023-03,CRB,93036RIM984,RIMWH,137,106,129,124
2023-01,BDG,96117TAS226,TAS,33,39,39,38
2025-02,KRW,33682BRA790,BRAKE,84,97,91,78
2025-02,BDG,60952ELE501,ELECT,31,29,32,22
2025-06,CRB,55149VAL319,VALVE,75,59,77,61
2024-09,BDG,20414PSK924,PSKIT,120,146,138,97
2024-11,BDG,27442COO564,COOL,87,80,78,74
2024-05,BDG,81210OIL773,OIL,191,144,183,129
2025-03,CRB,65901CHA626,CHAIN,20,17,21,19
2024-10,BDG,70793TAS938,TAS,79,63,78,58
2023-02,BDG,86546VAL707,VALVE,155,165,174,171
2023-06,KRW,81780GMO801,GMO,111,131,137,126
2025-11,BDG,67113CDK872,CDKIT,171,140,169,138
2022-01,KRW,57476TAS699,TAS,22,25,23,20
2023-06,KRW,26315CAB198,CABLE,103,77,109,91
2025-01,BDG,40692SAO934,SAOIL,68,56,63,51
2023-06,CRB,33179CDK107,CDKGP,167,202,210,184
2024-08,CRB,76960SDX579,SD,34,34,31,27
2023-10,BDG,19706SPO644,SPOKE,54,47,51,42
2025-09,CRB,79753TIR650,TIRE,134,140,131,116
2024-12,KRW,78116ECX372,EC,179,185,197,168
2025-01,KRW,18437RPI900,RPIST,40,43,41,35
2022-02,KRW,85154PLA360,PLAST,91,69,94,65
2024-04,KRW,40040CRK396,CRKIT,162,183,194,155
2024-03,BDG,15083PST582,PSTN,31,25,30,29
2023-12,KRW,30262TBH938,TBHGP,24,26,25,19
2022-01,BDG,50693SPL435,SPLUG,97,115,120,102
2023-11,CRB,52376SAO348,SAOIL,45,51,48,41
2023-09,BDG,84810ECX697,EC,32,33,30,30
2022-06,KRW,56184FLU356,FLUID,223,199,201,187
2024-09,BDG,85901RPI243,RPIST,81,72,87,76
2023-03,KRW,53793COO434,COOL,72,74,75,57
2023-02,KRW,68057CRK328,CRKIT,130,124,125,122
2023-05,BDG,75094CDK239,CDKGP,171,205,220,154
2025-02,CRB,53796SPL273,SPLUG,88,72,84,70
2025-02,KRW,39773GST525,GST,148,114,150,149
2022-08,KRW,16925COO189,COOL,71,68,69,60
2023-05,KRW,81743TBH526,TBHGP,97,118,129,111
2022-05,BDG,27866ELE841,ELECT,22,24,24,23
2022-01,KRW,88404CDK582,CDKIT,163,191,198,184
2022-07,KRW,36189EVC766,EVCH,18,19,20,18
2024-01,BDG,54583TBH265,TBHGP,133,158,170,161
2025-09,BDG,58623BRN582,BRNG,81,79,86,81
2024-02,BDG,31878CDK384,CDKGP,171,137,163,163
2023-10,KRW,15639ELE722,ELECT,141,140,144,122
2024-05,CRB,92221TBH519,TBHGP,159,170,157,150
2022-08,KRW,80705RIM212,RIMWH,106,89,107,98
2022-06,BDG,37044BRA809,BRAKE,93,86,92,66
2023-09,KRW,18061SPO119,SPOKE,63,63,66,58
2025-05,BDG,34635CAB505,CABLE,20,22,23,23
2023-08,KRW,20981SPG181,SPGUI,57,59,63,53
2024-05,KRW,92083ELE793,ELECT,71,61,76,64
2022-11,CRB,11473ELE132,ELECT,82,87,83,66
2022-06,CRB,22266OIL718,OIL,198,212,193,147
2022-07,BDG,24230RSK835,RSKIT,133,131,140,123
2024-11,KRW,40606CDK283,CDKIT,48,36,47,38
2025-06,KRW,41466SAO350,SAOIL,107,118,117,113
2023-07,BDG,16975OIL686,OIL,161,147,161,132
2025-08,KRW,95941SDX390,SD,160,168,182,159
2022-12,KRW,16846SHO829,SHOCK,32,27,31,25
2025-05,BDG,93900GST558,GST,104,128,130,113
2022-05,KRW,94467CAB145,CABLE,103,78,106,99
2025-05,KRW,68853SPL966,SPLUR,41,44,44,35
2023-05,KRW,10441TIR204,TIRE1,130,102,126,121
2023-03,BDG,61935BRN485,BRNG,79,95,100,93
2024-04,CRB,28729TIR856,TIRE1,134,103,146,108
2022-05,BDG,86511STR859,STR,68,55,71,63
2025-04,KRW,34261AHM999,AHM,96,116,105,84
2023-05,CRB,62527BAT735,BATT,55,43,59,56
2022-12,CRB,55883SHO514,SHOCK,83,81,81,69
2025-05,BDG,85949FLU173,FLUID,144,123,157,119
2022-12,KRW,53341ECX702,EC,103,109,100,99
2024-02,CRB,29301COO969,COOL,38,33,34,29
2022-06,KRW,96861TB1862,TB1,73,64,78,77
2023-07,CRB,90093SPO701,SPOKE,77,65,83,58
2024-05,CRB,60294GST812,GST,150,166,153,132
2024-02,CRB,51448BRN934,BRNG,150,166,160,159
2024-01,KRW,60535SHO853,SHOCK,19,22,20,16
2025-03,KRW,26283TAS538,TAS,73,86,87,61
2022-02,CRB,13992AHM824,AHM,59,55,64,61
2023-02,BDG,22234SAO779,SAOIL,40,31,37,35
2025-10,KRW,88289GST614,GST,168,169,183,131
2022-05,CRB,44416TB1816,TB1,54,59,57,44
2022-02,KRW,76948DIS503,DISK,120,144,151,120
2024-10,CRB,40766TB1130,TB1,131,120,136,111
2023-06,BDG,20299VAL762,VALVE,107,104,107,98
2025-05,KRW,79577VAL653,VALVE,63,61,66,58
2022-10,BDG,64765CDK167,CDKGP,98,76,100,99
2022-03,CRB,70440TAS785,TAS,83,92,83,72
2022-05,BDG,74783BAT916,BATT,91,89,93,81
2022-05,KRW,16373EVC887,EVCH,26,22,25,25
2025-01,BDG,23203COO102,COOL,55,49,56,54
2025-06,CRB,35038BAT470,BATT,115,93,108,90
2022-01,BDG,56914TIR411,TIRE1,152,116,140,100
2025-07,CRB,38306PLA690,PLAST,75,60,77,76
2022-06,BDG,96176BAT770,BATT,117,142,142,142
2024-09,CRB,82702COO863,COOL,128,124,121,85
2024-11,CRB,91989STR109,STR,132,147,147,142
2022-08,KRW,60977ECX593,EC,56,57,58,48
2024-02,KRW,48354RIM804,RIMWH,104,100,107,106
2025-04,CRB,10704TIR586,TIRE1,166,142,166,156
2023-10,KRW,98035SPG993,SPGUI,49,50,50,40
2024-01,KRW,47099SPO358,SPOKE,23,27,24,19
2024-06,BDG,42014CCK169,CCKIT,125,147,132,132
2023-02,BDG,91518VAL452,VALVE,73,62,65,47
2022-05,BDG,71873TBH959,TBHGP,154,135,152,135
2025-05,KRW,87471OIL161,OIL,169,189,180,167
2024-03,KRW,72599COO821,COOL,34,27,32,31
2024-05,BDG,70863PST704,PSTN,31,27,31,22
2023-09,BDG,52234PST452,PSTN,29,28,27,22
2025-03,KRW,63951TBH892,TBHGP,173,163,186,154
2024-06,KRW,84484GST633,GST,51,42,46,39
2025-01,KRW,85877BAT143,BATT,101,92,96,82
2023-02,BDG,31895ELE263,ELECT,57,61,58,56
2023-03,KRW,98291TAS715,TAS,153,169,180,145
2025-08,CRB,49466OSE107,OSEAL,99,90,102,86
2023-06,CRB,92299DIS696,DISK,178,166,160,151
2022-05,CRB,23911BAT986,BATT,81,89,84,65
2023-11,KRW,92988SHO639,SHOCK,24,20,21,14
2024-04,BDG,14825BRA203,BRAKE,132,114,131,131
2024-03,KRW,17851SPL160,SPLUR,155,165,180,136
2023-07,CRB,55347STR202,STR,152,133,162,162
2023-11,CRB,86180BAT269,BATT,83,99,93,87
2023-07,CRB,36499SPG648,SPGUI,114,131,134,106
2025-03,KRW,79300TB1795,TB1,32,26,32,30
2024-01,KRW,79493CDK852,CDKGP,113,135,123,111
2024-07,CRB,61095TB1870,TB1,158,183,191,185
2022-08,KRW,47947VAL432,VALVE,68,81,87,65
2025-04,BDG,16411RSK197,RSKIT,63,55,57,42
2024-10,BDG,50278SAO452,SAOIL,177,194,176,145
2022-01,BDG,41047AHM407,AHM,62,46,64,45
2023-03,BDG,43688SDX698,SD,129,112,134,117
2022-05,KRW,58686MUF546,MUF,122,123,117,112
2025-03,KRW,14815SPL381,SPLUG,93,81,90,70
2025-05,BDG,33878SHO177,SHOCK,24,20,22,16
2023-03,CRB,39377CDK527,CDKIT,59,67,61,57
2022-08,KRW,65499TIR589,TIRE,145,154,146,108
2025-07,CRB,87707SAO646,SAOIL,125,110,133,122
2024-09,CRB,34229BAT252,BATT,54,57,51,48
2023-10,CRB,78511OIL925,OIL,164,174,157,153
2024-06,KRW,96631FLU957,FLUID,198,155,206,200
2025-01,KRW,43466ECX802,EC,122,128,140,109
2022-11,KRW,71146BLD154,BLDRV,61,55,56,44
2025-11,CRB,43244COO492,COOL,152,128,153,138
2024-01,KRW,40892SPL942,SPLUG,166,204,216,216
2023-04,KRW,84051PLA539,PLAST,76,62,81,65
2024-08,CRB,22467FLU596,FLUID,245,219,265,252
2022-03,BDG,23222TIR850,TIRE1,170,188,173,134
2024-03,BDG,23410IMP994,IMPOR,149,142,152,145
2025-09,KRW,72534TAS883,TAS,158,168,154,136
2024-05,CRB,80964VAL463,VALVE,171,170,182,168
2023-03,KRW,42290PST406,PSTN,87,96,97,83
2025-05,KRW,10574BRA989,BRAKE,101,118,124,93
2024-05,KRW,43907AHM529,AHM,87,107,99,76
2022-11,BDG,91101MUF319,MUF,122,150,145,140
2023-01,BDG,54628BLD858,BLDRV,47,37,43,33
2023-11,KRW,81921ECX814,EC,145,146,154,154
2024-05,KRW,80820BRN962,BRNG3,59,48,60,50
2023-04,CRB,61489OIL127,OIL,103,114,107,96
2024-11,CRB,48750RPI111,RPIST,124,96,119,118
2023-10,KRW,84401FLU689,FLUID,249,199,263,254
2023-01,BDG,96393COO514,COOL,62,50,59,46
2023-07,BDG,59249PSK182,PSKIT,121,123,133,126
2025-04,BDG,26238SDX760,SD,127,151,153,134
2024-05,BDG,54960ACB612,ACB,153,182,186,162
2022-08,KRW,88276SPO920,SPOKE,19,20,21,20
2024-10,BDG,24452SPL729,SPLUG,121,129,122,103
2023-02,BDG,74196TBH694,TBHGP,119,109,128,114
2022-07,CRB,56811TIR296,TIRE,120,124,112,105
2023-06,KRW,13931OIL915,OIL,197,189,208,155
2025-08,KRW,71140SPL165,SPLUR,38,41,38,35
2025-05,BDG,97321SPL282,SPLUR,61,47,62,56
2024-03,CRB,61862TBH775,TBHGP,109,99,106,85
2022-06,BDG,97849IMP318,IMPOR,70,65,73,73
2024-07,CRB,81037SPL703,SPLUG,115,91,105,101
2025-10,BDG,56744TIR244,TIRE1,167,180,188,165
2023-03,KRW,10837IMP943,IMPOR,21,16,22,20
2022-05,KRW,66158COO269,COOL,65,52,63,61
2022-10,CRB,33159CAB440,CABLE,50,56,55,51
2024-01,CRB,35420SDX626,SD,81,100,100,80
2025-07,KRW,95182TAS969,TAS,144,162,166,127
2025-05,KRW,19189ACG300,ACG,213,218,239,170
2023-11,CRB,38282RBR167,RBR,136,158,160,148
2023-02,KRW,70000BRN596,BRNG,119,106,122,120
2023-08,BDG,39701EVC702,EVCH,37,38,34,28
2022-08,CRB,91447PST950,PSTN,36,31,32,27
2024-09,KRW,44790FLU536,FLUID,98,115,110,88
2022-03,BDG,10282TB1348,TB1,145,166,153,122
2022-01,KRW,16652OSE905,OSEAL,125,101,124,113
2022-05,BDG,75142BRN437,BRNG,120,95,126,101
2024-06,KRW,49539ACG201,ACG,163,142,169,155
2024-08,BDG,26883COO864,COOL,90,101,104,100
2024-10,KRW,17063PSK265,PSKIT,116,92,111,99
2025-08,CRB,23434ECX971,EC,104,94,104,74
2024-07,BDG,52084SHO981,SHOCK,97,83,93,87
2024-08,CRB,20545SDX886,SD,131,100,142,137
2023-02,KRW,95045SPO132,SPOKE,84,84,87,87
2024-04,CRB,70569PST997,PSTN,140,138,139,128
2023-05,BDG,47739STR681,STR,92,104,93,93
2022-12,BDG,32999SPL832,SPLUR,81,89,91,69
2022-05,CRB,31231DIS674,DISK,62,60,59,49
2022-08,KRW,11117BLD851,BLDRV,138,111,144,110
2023-03,KRW,62692MUF468,MUF,81,92,92,81
2023-05,CRB,15768PST549,PSTN,69,69,69,68
2024-03,BDG,15871TB1125,TB1,133,122,129,100
2023-02,BDG,32876SPL555,SPLUR,52,60,62,61
2024-06,KRW,80154GMO387,GMO,86,103,99,71
2023-07,CRB,60700SPO273,SPOKE,44,49,51,51
2024-06,BDG,78971ELE718,ELECT,152,156,141,119
2023-07,BDG,44696CDK623,CDKGP,86,84,87,62
2023-04,BDG,73161RBR136,RBR,159,144,166,155
2023-06,KRW,78587RPI641,RPIST,57,60,63,60
2023-02,CRB,67062BRN523,BRNG3,109,123,119,86
2025-05,CRB,13427BAT834,BATT,87,82,88,79
2025-10,BDG,55180MUF340,MUF,160,179,192,185
2024-06,BDG,44944FLU302,FLUID,268,316,303,222
2025-10,BDG,34114AHM923,AHM,88,81,83,81
2025-06,CRB,78404OIL396,OIL,179,196,208,152
2023-10,CRB,75165RBR106,RBR,124,119,128,106
2022-02,KRW,88617SPO514,SPOKE,145,130,151,129
2022-11,CRB,49033OIL196,OIL,252,310,331,254
2023-08,KRW,85730PLA448,PLAST,18,21,21,18
2025-06,KRW,50940TIR903,TIRE1,79,76,73,64
2022-04,BDG,92424CDK363,CDKIT,74,57,79,77
2025-11,KRW,48984CCK374,CCKIT,95,117,119,95
2025-03,BDG,59281CRK129,CRKIT,91,111,109,80
2023-09,CRB,47837TIR202,TIRE1,137,165,158,128
2025-02,BDG,34757CCK867,CCKIT,111,104,117,96
2024-02,CRB,56751TIR849,TIRE1,74,82,80,57
2024-02,CRB,82291TBH491,TBHGP,81,66,80,68
2022-03,CRB,87877CAB195,CABLE,34,37,34,25
2022-03,CRB,75947VAL383,VALVE,94,103,102,91
2025-05,CRB,62353RIM685,RIMWH,146,148,152,139
2022-06,KRW,80697BRA990,BRAKE,177,215,217,189
2024-09,CRB,12858SPG857,SPGUI,29,34,31,21
2024-12,CRB,32440SAO182,SAOIL,75,72,71,62
2024-06,BDG,33584RPI890,RPIST,41,33,38,33
2024-05,KRW,95116PSK567,PSKIT,84,65,76,74
2023-09,CRB,52128ACB851,ACB,206,244,263,229
2025-03,BDG,53315ECX265,EC,86,65,84,75
2024-09,KRW,66603RSK434,RSKIT,55,52,49,45
2025-11,KRW,94556TB1310,TB1,85,100,93,89
2023-02,KRW,61514BLD646,BLDRV,63,60,58,52
2024-11,KRW,23119SAO721,SAOIL,172,151,170,121
2022-09,CRB,41210AHM632,AHM,82,100,90,89
2022-03,BDG,22299TB1721,TB1,158,121,169,139
2022-08,KRW,50256TIR164,TIRE1,172,187,188,158
2025-08,KRW,48110CCK821,CCKIT,110,124,122,89
2023-11,BDG,21263SDN766,SDN,122,146,137,116
2024-03,CRB,27678MUF749,MUF,48,56,59,57
2025-11,KRW,60968BAT505,BATT,80,71,73,66
2023-08,KRW,68418OIL795,OIL,220,252,257,217
2024-05,BDG,25180TB1780,TB1,63,77,77,57
2022-01,KRW,38506FLU849,FLUID,70,53,74,71
2025-09,CRB,26073RBR679,RBR,80,84,81,72
2022-08,BDG,82434SPO641,SPOKE,108,124,124,104
2024-01,BDG,21798PLA225,PLAST,75,83,86,81
2022-03,BDG,18499SDX601,SD,35,39,36,27
2023-12,CRB,36149SAO146,SAOIL,54,62,60,47
2025-05,BDG,79638SDX754,SD,47,43,45,40
2025-04,BDG,17232BRN855,BRNG3,150,161,153,153
2024-07,CRB,28460RIM325,RIMWH,41,38,41,41
2025-06,CRB,20457TAS928,TAS,137,123,135,105
2023-06,KRW,90769AHM690,AHM,37,42,44,43
2023-09,KRW,37885ECX217,EC,80,68,85,68
2022-07,KRW,22733CDK116,CDKGP,30,29,27,22
2023-03,CRB,31569ELE700,ELECT,40,44,43,38
2022-03,BDG,32618BRA151,BRAKE,24,20,23,21
2024-08,KRW,91190RPI826,RPIST,24,18,22,21
2023-04,KRW,79967BRN521,BRNG3,60,64,64,63
2025-06,KRW,18423COO286,COOL,67,83,82,58
2024-01,KRW,23386TIR407,TIRE1,89,107,111,78
2022-02,KRW,97034RBR122,RBR,102,122,126,95
2023-01,BDG,20322ACG417,ACG,183,138,175,167
2023-12,BDG,60917ACG334,ACG,171,181,187,141
2023-12,BDG,85715OSE464,OSEAL,106,126,123,117
2022-10,KRW,20674FLU494,FLUID,289,353,330,319
2022-05,CRB,48989TIR106,TIRE,139,153,163,150
2024-04,KRW,40775AHM378,AHM,76,89,90,77
2024-01,KRW,68771ACG959,ACG,266,207,284,272
2023-02,BDG,66146CCK395,CCKIT,122,97,115,85
2024-11,KRW,87250CAB533,CABLE,90,90,82,57
2023-08,BDG,72245AHM285,AHM,89,69,80,59
2024-07,CRB,36691MUF815,MUF,70,53,71,50
2023-04,KRW,52987SHO235,SHOCK,155,164,174,173
2022-05,BDG,53985PLA806,PLAST,151,138,146,133
2025-07,KRW,76715RPI216,RPIST,119,105,125,125
2025-09,BDG,95048AHM222,AHM,44,54,56,46
2025-01,CRB,51868SPL173,SPLUG,54,62,61,56
2023-10,KRW,11803AHM760,AHM,104,123,127,124
2023-02,BDG,51193RPI486,RPIST,118,89,124,104
2024-12,CRB,28263AHM951,AHM,141,153,148,138
2025-10,CRB,11761ACG762,ACG,168,171,163,115
2023-03,CRB,65683ACG792,ACG,267,249,267,208
2025-04,BDG,29136TB1563,TB1,107,127,127,108
2024-09,BDG,15955ECX449,EC,51,57,57,46
2024-02,KRW,20752SDN564,SDN,139,112,128,127
2025-04,CRB,80200SHO784,SHOCK,19,18,18,15
2022-03,KRW,68817VAL618,VALVE,39,31,42,35
2023-03,CRB,64923GST926,GST,62,63,61,60
2023-03,BDG,41950MUF869,MUF,125,144,136,130
2025-08,CRB,97032MUF356,MUF,59,62,58,50
2023-08,CRB,35881RSK333,RSKIT,52,51,56,50
2024-10,BDG,19101GST275,GST,72,55,71,58
2022-06,CRB,76988RBR489,RBR,67,66,67,66
2022-08,BDG,37273CRK514,CRKIT,39,45,45,37
2024-01,BDG,73512BLD684,BLDRV,69,76,71,60
2022-06,KRW,20413FLU117,FLUID,184,203,206,206
2024-05,KRW,45550RIM288,RIMWH,107,116,115,99
2024-05,KRW,14328SDN878,SDN,131,157,144,139
2023-02,CRB,53490GMO943,GMO,128,133,120,108
2025-07,KRW,12692IMP647,IMPOR,93,109,114,114
2025-09,CRB,58793ACB381,ACB,115,127,138,126
2024-02,BDG,84128OIL143,OIL,285,270,260,198
2025-06,BDG,46780ECX659,EC,109,134,139,116
2022-05,KRW,13104RBR466,RBR,89,82,87,83
2024-05,BDG,10609RPI907,RPIST,134,137,125,117
2025-08,KRW,31762SPG543,SPGUI,145,139,141,103
2024-03,CRB,34125CCK178,CCKIT,21,24,26,21
2023-07,CRB,86981VAL147,VALVE,104,122,122,95
2025-08,BDG,71750SAO383,SAOIL,40,42,41,31
2023-09,KRW,97678BRA427,BRAKE,111,111,114,91
2023-10,KRW,77118SPL600,SPLUR,106,124,123,91
2023-09,CRB,26218RPI400,RPIST,78,95,86,71
2023-06,KRW,71682OIL132,OIL,296,346,320,320
2022-02,CRB,84790BLD142,BLDRV,98,86,95,71
2023-09,CRB,83195BLD736,BLDRV,162,171,185,159
2025-03,KRW,16059GMO822,GMO,283,307,309,299
2025-02,BDG,82440VAL337,VALVE,43,39,46,37
2024-01,KRW,40883SAO360,SAOIL,79,68,83,71
2022-07,BDG,72064RBR858,RBR,51,43,46,35
2025-05,KRW,47822MUF258,MUF,153,187,205,155
2024-10,CRB,32447EVC336,EVCH,45,37,49,38
2022-10,BDG,48538BAT503,BATT,27,25,25,19
2024-12,CRB,33057BLD843,BLDRV,122,100,120,120
2022-04,CRB,73306SPG856,SPGUI,29,27,29,26
2024-01,CRB,49678ACB341,ACB,176,194,196,145
2022-05,BDG,94895CRK946,CRKIT,45,35,42,34
2022-02,CRB,68837BAT130,BATT,53,61,56,53
2025-03,KRW,14928TB1252,TB1,132,147,154,123
2025-02,CRB,23035DIS784,DISK,50,49,50,44
2023-10,BDG,41689RSK675,RSKIT,139,129,134,104
2023-09,CRB,33156BRN549,BRNG,24,24,24,17
2022-04,CRB,98207SDN246,SDN,91,98,101,71
2025-11,KRW,59191RBR684,RBR,109,96,106,106
2023-04,CRB,72468PST431,PSTN,79,76,72,57
2023-02,CRB,35203PST487,PSTN,97,94,89,76
2024-07,BDG,83143ECX409,EC,47,50,51,49
2024-09,CRB,37344CDK334,CDKIT,93,112,108,90
2023-03,KRW,24302ACG905,ACG,144,108,140,116
2023-10,KRW,81589PST706,PSTN,71,69,75,61
2023-04,CRB,24116CCK689,CCKIT,93,99,89,75
2022-01,CRB,89886BLD589,BLDRV,96,90,87,87
2023-11,BDG,86250CHA853,CHAIN,65,67,66,59
2023-05,KRW,63546BRN339,BRNG,84,63,85,79
2025-09,CRB,19746DIS616,DISK,113,86,116,100
2023-11,BDG,83466SPL452,SPLUR,100,121,110,79
2024-08,CRB,51301DIS821,DISK,39,39,35,29
2025-05,BDG,62266SPL926,SPLUR,29,35,32,27
2023-11,CRB,27021BRA860,BRAKE,123,135,143,107
2023-09,CRB,34437RIM156,RIMWH,126,143,134,114
2023-11,BDG,77000MUF580,MUF,24,27,28,26
2024-05,CRB,40169CCK213,CCKIT,20,18,20,14
2024-02,BDG,26973PST469,PSTN,125,126,136,136
2024-01,BDG,33573VAL210,VALVE,95,117,122,100
2022-04,BDG,14023RBR933,RBR,24,29,30,22
2024-05,CRB,74436IMP876,IMPOR,78,83,86,69
2024-07,BDG,59118IMP707,IMPOR,66,54,68,63
2025-04,KRW,80952CRK896,CRKIT,55,59,62,53
2024-11,CRB,82359GST211,GST,22,20,22,18
2023-03,CRB,53679OSE186,OSEAL,52,53,58,51
2025-03,KRW,22996PLA669,PLAST,72,89,84,65
2023-02,KRW,37633PSK578,PSKIT,87,69,90,74
2025-10,KRW,61139BRN902,BRNG,84,68,84,74
2024-03,BDG,59507BRA373,BRAKE,32,35,34,26
2025-10,CRB,54344OSE142,OSEAL,127,153,164,163
2023-01,BDG,42468SHO488,SHOCK,49,58,52,46
2025-08,BDG,37188ELE565,ELECT,63,71,75,74
2022-05,CRB,37467MUF588,MUF,42,45,42,37
2023-04,BDG,19756CAB233,CABLE,142,118,147,137
2024-02,BDG,19328SHO609,SHOCK,152,176,192,155
2023-10,BDG,95721CHA647,CHAIN,65,58,69,57
2022-02,CRB,55324RSK983,RSKIT,85,85,93,78
2023-10,KRW,22272DIS279,DISK,71,75,77,60
2024-12,BDG,19368AHM102,AHM,79,61,75,75
2022-12,CRB,14830TIR674,TIRE1,77,58,77,61
2023-11,CRB,39595MUF529,MUF,116,131,121,108
2023-10,CRB,33040GMO589,GMO,216,199,231,178
2022-03,CRB,20118CHA623,CHAIN,72,76,74,72
2022-02,CRB,29195EVC856,EVCH,114,140,145,103
2023-10,BDG,19674CHA831,CHAIN,104,124,124,108
2025-04,CRB,15853TBH539,TBHGP,110,126,113,84
2024-04,BDG,21937SAO123,SAOIL,93,97,89,64
2025-08,CRB,92432SPO757,SPOKE,129,128,116,92
2022-03,KRW,42101CHA279,CHAIN,33,29,35,28
2025-11,BDG,27741BRN621,BRNG,133,131,143,115
2023-06,CRB,35257ACG609,ACG,76,93,89,66
2024-12,BDG,91423OSE694,OSEAL,94,92,92,66
2023-09,KRW,87885OIL630,OIL,145,127,131,101
2024-06,CRB,83142SHO375,SHOCK,109,84,99,71
2022-11,BDG,10753CDK934,CDKIT,21,20,22,19
2022-01,KRW,42246TAS815,TAS,38,29,37,31
2024-04,CRB,25922PSK279,PSKIT,89,92,100,76
2024-11,CRB,16923BRN878,BRNG3,67,73,78,56
2022-07,CRB,74369OIL478,OIL,193,153,188,140
2024-11,BDG,79690PSK655,PSKIT,49,42,44,38
2024-09,CRB,11033SHO237,SHOCK,51,45,46,34
2024-04,KRW,97922ECX952,EC,40,30,41,35
2025-08,BDG,62231EVC709,EVCH,57,45,52,51
2023-08,KRW,52642MUF100,MUF,40,37,36,36
2024-03,BDG,42776RPI947,RPIST,64,60,68,47
2024-02,KRW,49249BRN454,BRNG3,144,120,151,139
2025-08,KRW,22631SDX884,SD,132,140,132,97
2024-04,CRB,25668GST955,GST,138,140,127,99
2025-08,KRW,98090PST639,PSTN,77,63,78,55
2022-02,BDG,62988TIR746,TIRE,59,47,64,61
2025-02,CRB,82113PSK934,PSKIT,151,144,154,126
2025-02,KRW,66866BRN224,BRNG3,77,69,70,55
2024-07,CRB,15314CRK561,CRKIT,108,81,97,72
2022-06,KRW,98044GMO610,GMO,217,177,221,221
2024-07,CRB,22703CRK243,CRKIT,30,34,33,31
2024-03,BDG,29448PST307,PSTN,127,155,149,141
2025-01,BDG,41008TB1228,TB1,36,35,32,31
2024-05,CRB,84471ECX805,EC,89,76,87,78
2023-05,CRB,39663SDN302,SDN,116,102,123,96
2025-03,BDG,83734CAB537,CABLE,39,45,44,31
2025-08,CRB,71244SAO442,SAOIL,111,117,128,121
2022-04,BDG,56999BRN895,BRNG3,62,73,70,61
2023-04,BDG,88662CDK959,CDKGP,114,112,104,79
2024-03,BDG,60711STR736,STR,119,101,118,111
2024-10,CRB,31536TIR399,TIRE1,110,83,103,76
2025-07,BDG,26510GMO584,GMO,218,199,217,180
2025-11,BDG,35523PST479,PSTN,135,131,125,96
2023-10,BDG,61299EVC183,EVCH,48,53,56,41
2024-02,CRB,52988CAB962,CABLE,49,55,59,44
