Group,Group Besar
ACB,OLI
ACG,OLI
FLUID,OLI
GMO,OLI
OIL,OLI
AHM,PARTS
BATT,PARTS
BLDRV,PARTS
BRAKE,PARTS
BRNG,PARTS
BRNG3,PARTS
CABLE,PARTS
CCKIT,PARTS
CDKGP,PARTS
CDKIT,PARTS
CHAIN,PARTS
COOL,PARTS
CRKIT,PARTS
DISK,PARTS
EC,PARTS
ELECT,PARTS
EVCH,PARTS
GST,PARTS
IMPOR,PARTS
MUF,PARTS
OSEAL,PARTS
PLAST,PARTS
PSKIT,PARTS
PSTN,PARTS
RBR,PARTS
RIMWH,PARTS
RPIST,PARTS
RSKIT,PARTS
SAOIL,PARTS
SD,PARTS
SDN,PARTS
SHOCK,PARTS
SPGUI,PARTS
SPLUG,PARTS
SPLUR,PARTS
SPOKE,PARTS
STR,PARTS
TAS,PARTS
TB1,PARTS
TBHGP,PARTS
VALVE,PARTS
TIRE,TIRE
TIRE1,TIRE
